Feature,Importance
task_size_mb,0.22534421827151363
latency_requirement_ms,0.15020349402638114
task_complexity,0.1431997987377611
battery_level,0.1033239991802652
cpu_load,0.09045478253193627
edge_distance_km,0.07752121763218581
bandwidth_requirement,0.05771960090510627
mobility_speed,0.05241457995894412
device_temperature,0.039198557580787025
ram_usage,0.03790336423117621
cloud_distance_km,0.022565086849331617
crc_delay,2.5037601577556383e-05
harq_delay,2.4171696775176052e-05
dl_brate,2.3945508967941678e-05
rsrp,2.1542585348093802e-05
ul_brate,2.1446636608392796e-05
snr,1.8050123964101626e-05
ul_mcs,5.977507237423137e-06
dl_mcs,4.9950978885310835e-06
ul_error,2.915395328153554e-06
dl_error,2.036288190089906e-06
network_quality,1.1816527259327237e-06
cqi,0.0
